,graph_lc,CWE ID,vul,state,id
74829@udp_socket_win.dot,74829@udp_socket_win.dot,CWE-416,1,before,74829
77015@renderer_permissions_policy_delegate.dot,77015@renderer_permissions_policy_delegate.dot,CWE-285,1,before,77015
74718@BaseMultipleFieldsDateAndTimeInputType.cpp,74718@BaseMultipleFieldsDateAndTimeInputType.cpp,CWE-399,1,before,74718
46269@WebFrame.cpp,46269@WebFrame.cpp,,0,before,46269
58306@chrome_content_browser_client.dot,58306@chrome_content_browser_client.dot,CWE-119,0,before,58306
20805@V8TestObj.cpp,20805@V8TestObj.cpp,,0,before,20805
40652@headless_web_contents_impl.dot,40652@headless_web_contents_impl.dot,CWE-254,0,before,40652
75592@MediaControlElements.cpp,75592@MediaControlElements.cpp,CWE-119,1,before,75592
7892@GraphicsContextWx.cpp,7892@GraphicsContextWx.cpp,CWE-399,0,before,7892
30764@screen_orientation_browsertest.dot,30764@screen_orientation_browsertest.dot,CWE-399,0,before,30764
69750@incremental_marking_test.dot,69750@incremental_marking_test.dot,CWE-362,0,before,69750
50075@v8_test_object.dot,50075@v8_test_object.dot,,0,before,50075
74066@Blob.cpp,74066@Blob.cpp,,1,before,74066
47699@tab_lifecycle_unit.dot,47699@tab_lifecycle_unit.dot,,0,before,47699
76528@idn_spoof_checker.dot,76528@idn_spoof_checker.dot,,1,before,76528
59614@site_per_process_browsertest.dot,59614@site_per_process_browsertest.dot,CWE-732,0,before,59614
74452@chromoting_host_unittest.dot,74452@chromoting_host_unittest.dot,,1,before,74452
76141@aw_feature_list_creator.dot,76141@aw_feature_list_creator.dot,CWE-20,1,before,76141
27473@RenderBlock.cpp,27473@RenderBlock.cpp,CWE-119,0,before,27473
35906@render_widget_host_view_aura.dot,35906@render_widget_host_view_aura.dot,,0,before,35906
77119@v8_value_converter_impl.dot,77119@v8_value_converter_impl.dot,,1,before,77119
75268@srt_field_trial_win.dot,75268@srt_field_trial_win.dot,,1,before,75268
37410@web_contents_view_aura.dot,37410@web_contents_view_aura.dot,,0,before,37410
32196@gles2_cmd_decoder.dot,32196@gles2_cmd_decoder.dot,CWE-119,0,before,32196
75538@test_paint_artifact.dot,75538@test_paint_artifact.dot,,1,before,75538
127@webframeloaderclient_impl.dot,127@webframeloaderclient_impl.dot,,0,before,127
31940@SerializedScriptValue.cpp,31940@SerializedScriptValue.cpp,,0,before,31940
75716@ResourceFetcher.cpp,75716@ResourceFetcher.cpp,,1,before,75716
4631@browser.dot,4631@browser.dot,CWE-119,0,before,4631
75971@pngwrite.c,75971@pngwrite.c,CWE-119,1,before,75971
29135@browser.dot,29135@browser.dot,CWE-20,0,before,29135
39114@PageSerializer.cpp,39114@PageSerializer.cpp,CWE-20,0,before,39114
73449@http_response_headers.dot,73449@http_response_headers.dot,,1,before,73449
20464@low_battery_observer.dot,20464@low_battery_observer.dot,CWE-399,0,before,20464
73308@resource_dispatcher_host.dot,73308@resource_dispatcher_host.dot,,1,before,73308
62086@download_item_impl.dot,62086@download_item_impl.dot,CWE-20,0,before,62086
74538@render_view_impl.dot,74538@render_view_impl.dot,,1,before,74538
77122@crypto.c,77122@crypto.c,CWE-119,1,before,77122
66292@render_thread_impl.dot,66292@render_thread_impl.dot,CWE-310,0,before,66292
27362@WebRuntimeFeatures.cpp,27362@WebRuntimeFeatures.cpp,CWE-94,0,before,27362
36784@hfs.dot,36784@hfs.dot,,0,before,36784
29554@tab_strip_model.dot,29554@tab_strip_model.dot,CWE-20,0,before,29554
6511@chrome_content_browser_client.dot,6511@chrome_content_browser_client.dot,CWE-20,0,before,6511
74445@chromoting_host.dot,74445@chromoting_host.dot,,1,before,74445
6075@browser.dot,6075@browser.dot,CWE-20,0,before,6075
29414@tab_strip_gtk.dot,29414@tab_strip_gtk.dot,CWE-20,0,before,29414
76145@idn_spoof_checker.dot,76145@idn_spoof_checker.dot,CWE-20,1,before,76145
22490@RenderBlockLineLayout.cpp,22490@RenderBlockLineLayout.cpp,CWE-399,0,before,22490
76922@webgl2_rendering_context_base.dot,76922@webgl2_rendering_context_base.dot,CWE-119,1,before,76922
18809@ewk_frame.cpp,18809@ewk_frame.cpp,CWE-399,0,before,18809
63642@render_frame_impl.dot,63642@render_frame_impl.dot,,0,before,63642
66655@ChromeClientImpl.cpp,66655@ChromeClientImpl.cpp,CWE-20,0,before,66655
22195@ConvolverNode.cpp,22195@ConvolverNode.cpp,CWE-362,0,before,22195
72565@render_frame_host_manager_browsertest.dot,72565@render_frame_host_manager_browsertest.dot,CWE-119,0,before,72565
13398@gles2_cmd_decoder.dot,13398@gles2_cmd_decoder.dot,CWE-189,0,before,13398
76533@devtools_session.dot,76533@devtools_session.dot,CWE-20,1,before,76533
66066@HTMLIFrameElement.cpp,66066@HTMLIFrameElement.cpp,CWE-601,0,before,66066
73391@webplugin_delegate_proxy.dot,73391@webplugin_delegate_proxy.dot,,1,before,73391
35857@render_widget_host_view_aura.dot,35857@render_widget_host_view_aura.dot,,0,before,35857
75789@V8Console.cpp,75789@V8Console.cpp,CWE-79,1,before,75789
76097@web_contents_impl.dot,76097@web_contents_impl.dot,CWE-20,1,before,76097
74872@gpu_process_host_ui_shim.dot,74872@gpu_process_host_ui_shim.dot,,1,before,74872
76223@page_info_ui.dot,76223@page_info_ui.dot,CWE-311,1,before,76223
59096@renderer_scheduler_impl.dot,59096@renderer_scheduler_impl.dot,CWE-119,0,before,59096
73728@dispatch.dot,73728@dispatch.dot,CWE-399,1,before,73728
76769@appcache_database.dot,76769@appcache_database.dot,CWE-200,1,before,76769
20224@xpointer.c,20224@xpointer.c,CWE-189,0,before,20224
74774@tabs_api.dot,74774@tabs_api.dot,CWE-264,1,before,74774
73898@install_worker.dot,73898@install_worker.dot,,1,before,73898
76760@appcache.dot,76760@appcache.dot,CWE-200,1,before,76760
76044@p2p_quic_stream_impl.dot,76044@p2p_quic_stream_impl.dot,CWE-284,1,before,76044
45275@password_accessory_controller_impl_unittest.dot,45275@password_accessory_controller_impl_unittest.dot,,0,before,45275
76917@permissions_data.dot,76917@permissions_data.dot,CWE-79,1,before,76917
26359@chrome_download_manager_delegate.dot,26359@chrome_download_manager_delegate.dot,CWE-264,0,before,26359
76570@storage_handler.dot,76570@storage_handler.dot,CWE-20,1,before,76570
74803@parser.c,74803@parser.c,CWE-119,1,before,74803
76766@appcache_database.dot,76766@appcache_database.dot,CWE-200,1,before,76766
28808@quic_test_utils.dot,28808@quic_test_utils.dot,CWE-399,0,before,28808
74505@history_quick_provider.dot,74505@history_quick_provider.dot,,1,before,74505
74113@nacl_process_host.dot,74113@nacl_process_host.dot,CWE-399,1,before,74113
76269@service_worker_context_core.dot,76269@service_worker_context_core.dot,CWE-416,1,before,76269
74426@network_change_notifier.dot,74426@network_change_notifier.dot,,1,before,74426
59006@request_handler_util.dot,59006@request_handler_util.dot,,0,before,59006
9058@JSTestObj.cpp,9058@JSTestObj.cpp,CWE-20,0,before,9058
58921@overlay_window_views.dot,58921@overlay_window_views.dot,,0,before,58921
76040@FrameLoader.cpp,76040@FrameLoader.cpp,CWE-284,1,before,76040
66568@buf.c,66568@buf.c,CWE-787,0,before,66568
31405@shell_surface.dot,31405@shell_surface.dot,CWE-416,0,before,31405
35247@render_frame_impl.dot,35247@render_frame_impl.dot,CWE-399,0,before,35247
76117@web_contents_impl.dot,76117@web_contents_impl.dot,CWE-20,1,before,76117
75292@virtual_keyboard_controller.dot,75292@virtual_keyboard_controller.dot,CWE-399,1,before,75292
76914@idn_spoof_checker.dot,76914@idn_spoof_checker.dot,CWE-20,1,before,76914
76961@html_media_element.dot,76961@html_media_element.dot,CWE-200,1,before,76961
75266@thread_watcher.dot,75266@thread_watcher.dot,,1,before,75266
17591@media_stream_impl.dot,17591@media_stream_impl.dot,CWE-399,0,before,17591
75132@browser_view_renderer.dot,75132@browser_view_renderer.dot,CWE-399,1,before,75132
73580@extension_prefs.dot,73580@extension_prefs.dot,CWE-119,1,before,73580
49254@WebGLRenderingContextBase.cpp,49254@WebGLRenderingContextBase.cpp,CWE-119,0,before,49254
75284@clipboard_message_filter.dot,75284@clipboard_message_filter.dot,CWE-20,1,before,75284
73597@render_thread.dot,73597@render_thread.dot,CWE-20,1,before,73597
