,graph_lc,CWE ID,vul,state,id
graph/74829@udp_socket_win.dot,graph/74829@udp_socket_win.dot,CWE-416,1,before,74829
graph/77015@renderer_permissions_policy_delegate.dot,graph/77015@renderer_permissions_policy_delegate.dot,CWE-285,1,before,77015
graph/74718@BaseMultipleFieldsDateAndTimeInputType.dot,graph/74718@BaseMultipleFieldsDateAndTimeInputType.dot,CWE-399,1,before,74718
graph/46269@WebFrame.dot,graph/46269@WebFrame.dot,,0,before,46269
graph/58306@chrome_content_browser_client.dot,graph/58306@chrome_content_browser_client.dot,CWE-119,0,before,58306
graph/20805@V8TestObj.dot,graph/20805@V8TestObj.dot,,0,before,20805
graph/40652@headless_web_contents_impl.dot,graph/40652@headless_web_contents_impl.dot,CWE-254,0,before,40652
graph/75592@MediaControlElements.dot,graph/75592@MediaControlElements.dot,CWE-119,1,before,75592
graph/7892@GraphicsContextWx.dot,graph/7892@GraphicsContextWx.dot,CWE-399,0,before,7892
graph/30764@screen_orientation_browsertest.dot,graph/30764@screen_orientation_browsertest.dot,CWE-399,0,before,30764
graph/69750@incremental_marking_test.dot,graph/69750@incremental_marking_test.dot,CWE-362,0,before,69750
graph/50075@v8_test_object.dot,graph/50075@v8_test_object.dot,,0,before,50075
graph/74066@Blob.dot,graph/74066@Blob.dot,,1,before,74066
graph/47699@tab_lifecycle_unit.dot,graph/47699@tab_lifecycle_unit.dot,,0,before,47699
graph/76528@idn_spoof_checker.dot,graph/76528@idn_spoof_checker.dot,,1,before,76528
graph/59614@site_per_process_browsertest.dot,graph/59614@site_per_process_browsertest.dot,CWE-732,0,before,59614
graph/74452@chromoting_host_unittest.dot,graph/74452@chromoting_host_unittest.dot,,1,before,74452
graph/76141@aw_feature_list_creator.dot,graph/76141@aw_feature_list_creator.dot,CWE-20,1,before,76141
graph/27473@RenderBlock.dot,graph/27473@RenderBlock.dot,CWE-119,0,before,27473
graph/35906@render_widget_host_view_aura.dot,graph/35906@render_widget_host_view_aura.dot,,0,before,35906
graph/77119@v8_value_converter_impl.dot,graph/77119@v8_value_converter_impl.dot,,1,before,77119
graph/75268@srt_field_trial_win.dot,graph/75268@srt_field_trial_win.dot,,1,before,75268
graph/37410@web_contents_view_aura.dot,graph/37410@web_contents_view_aura.dot,,0,before,37410
graph/32196@gles2_cmd_decoder.dot,graph/32196@gles2_cmd_decoder.dot,CWE-119,0,before,32196
graph/75538@test_paint_artifact.dot,graph/75538@test_paint_artifact.dot,,1,before,75538
graph/127@webframeloaderclient_impl.dot,graph/127@webframeloaderclient_impl.dot,,0,before,127
graph/31940@SerializedScriptValue.dot,graph/31940@SerializedScriptValue.dot,,0,before,31940
graph/75716@ResourceFetcher.dot,graph/75716@ResourceFetcher.dot,,1,before,75716
graph/4631@browser.dot,graph/4631@browser.dot,CWE-119,0,before,4631
graph/75971@pngwrite.c,graph/75971@pngwrite.c,CWE-119,1,before,75971
graph/29135@browser.dot,graph/29135@browser.dot,CWE-20,0,before,29135
graph/39114@PageSerializer.dot,graph/39114@PageSerializer.dot,CWE-20,0,before,39114
graph/73449@http_response_headers.dot,graph/73449@http_response_headers.dot,,1,before,73449
graph/20464@low_battery_observer.dot,graph/20464@low_battery_observer.dot,CWE-399,0,before,20464
graph/73308@resource_dispatcher_host.dot,graph/73308@resource_dispatcher_host.dot,,1,before,73308
graph/62086@download_item_impl.dot,graph/62086@download_item_impl.dot,CWE-20,0,before,62086
graph/74538@render_view_impl.dot,graph/74538@render_view_impl.dot,,1,before,74538
graph/77122@crypto.c,graph/77122@crypto.c,CWE-119,1,before,77122
graph/66292@render_thread_impl.dot,graph/66292@render_thread_impl.dot,CWE-310,0,before,66292
graph/27362@WebRuntimeFeatures.dot,graph/27362@WebRuntimeFeatures.dot,CWE-94,0,before,27362
graph/36784@hfs.dot,graph/36784@hfs.dot,,0,before,36784
graph/29554@tab_strip_model.dot,graph/29554@tab_strip_model.dot,CWE-20,0,before,29554
graph/6511@chrome_content_browser_client.dot,graph/6511@chrome_content_browser_client.dot,CWE-20,0,before,6511
graph/74445@chromoting_host.dot,graph/74445@chromoting_host.dot,,1,before,74445
graph/6075@browser.dot,graph/6075@browser.dot,CWE-20,0,before,6075
graph/29414@tab_strip_gtk.dot,graph/29414@tab_strip_gtk.dot,CWE-20,0,before,29414
graph/76145@idn_spoof_checker.dot,graph/76145@idn_spoof_checker.dot,CWE-20,1,before,76145
graph/22490@RenderBlockLineLayout.dot,graph/22490@RenderBlockLineLayout.dot,CWE-399,0,before,22490
graph/76922@webgl2_rendering_context_base.dot,graph/76922@webgl2_rendering_context_base.dot,CWE-119,1,before,76922
graph/18809@ewk_frame.dot,graph/18809@ewk_frame.dot,CWE-399,0,before,18809
graph/63642@render_frame_impl.dot,graph/63642@render_frame_impl.dot,,0,before,63642
graph/66655@ChromeClientImpl.dot,graph/66655@ChromeClientImpl.dot,CWE-20,0,before,66655
graph/22195@ConvolverNode.dot,graph/22195@ConvolverNode.dot,CWE-362,0,before,22195
graph/72565@render_frame_host_manager_browsertest.dot,graph/72565@render_frame_host_manager_browsertest.dot,CWE-119,0,before,72565
graph/13398@gles2_cmd_decoder.dot,graph/13398@gles2_cmd_decoder.dot,CWE-189,0,before,13398
graph/76533@devtools_session.dot,graph/76533@devtools_session.dot,CWE-20,1,before,76533
graph/66066@HTMLIFrameElement.dot,graph/66066@HTMLIFrameElement.dot,CWE-601,0,before,66066
graph/73391@webplugin_delegate_proxy.dot,graph/73391@webplugin_delegate_proxy.dot,,1,before,73391
graph/35857@render_widget_host_view_aura.dot,graph/35857@render_widget_host_view_aura.dot,,0,before,35857
graph/75789@V8Console.dot,graph/75789@V8Console.dot,CWE-79,1,before,75789
graph/76097@web_contents_impl.dot,graph/76097@web_contents_impl.dot,CWE-20,1,before,76097
graph/74872@gpu_process_host_ui_shim.dot,graph/74872@gpu_process_host_ui_shim.dot,,1,before,74872
graph/76223@page_info_ui.dot,graph/76223@page_info_ui.dot,CWE-311,1,before,76223
graph/59096@renderer_scheduler_impl.dot,graph/59096@renderer_scheduler_impl.dot,CWE-119,0,before,59096
graph/73728@dispatch.dot,graph/73728@dispatch.dot,CWE-399,1,before,73728
graph/76769@appcache_database.dot,graph/76769@appcache_database.dot,CWE-200,1,before,76769
graph/20224@xpointer.dot,graph/20224@xpointer.dot,CWE-189,0,before,20224
graph/74774@tabs_api.dot,graph/74774@tabs_api.dot,CWE-264,1,before,74774
graph/73898@install_worker.dot,graph/73898@install_worker.dot,,1,before,73898
graph/76760@appcache.dot,graph/76760@appcache.dot,CWE-200,1,before,76760
graph/76044@p2p_quic_stream_impl.dot,graph/76044@p2p_quic_stream_impl.dot,CWE-284,1,before,76044
graph/45275@password_accessory_controller_impl_unittest.dot,graph/45275@password_accessory_controller_impl_unittest.dot,,0,before,45275
graph/76917@permissions_data.dot,graph/76917@permissions_data.dot,CWE-79,1,before,76917
graph/26359@chrome_download_manager_delegate.dot,graph/26359@chrome_download_manager_delegate.dot,CWE-264,0,before,26359
graph/76570@storage_handler.dot,graph/76570@storage_handler.dot,CWE-20,1,before,76570
graph/74803@parser.dot,graph/74803@parser.dot,CWE-119,1,before,74803
graph/76766@appcache_database.dot,graph/76766@appcache_database.dot,CWE-200,1,before,76766
graph/28808@quic_test_utils.dot,graph/28808@quic_test_utils.dot,CWE-399,0,before,28808
graph/74505@history_quick_provider.dot,graph/74505@history_quick_provider.dot,,1,before,74505
graph/74113@nacl_process_host.dot,graph/74113@nacl_process_host.dot,CWE-399,1,before,74113
graph/76269@service_worker_context_core.dot,graph/76269@service_worker_context_core.dot,CWE-416,1,before,76269
graph/74426@network_change_notifier.dot,graph/74426@network_change_notifier.dot,,1,before,74426
graph/59006@request_handler_util.dot,graph/59006@request_handler_util.dot,,0,before,59006
graph/9058@JSTestObj.dot,graph/9058@JSTestObj.dot,CWE-20,0,before,9058
graph/58921@overlay_window_views.dot,graph/58921@overlay_window_views.dot,,0,before,58921
graph/76040@FrameLoader.dot,graph/76040@FrameLoader.dot,CWE-284,1,before,76040
graph/66568@buf.dot,graph/66568@buf.dot,CWE-787,0,before,66568
graph/31405@shell_surface.dot,graph/31405@shell_surface.dot,CWE-416,0,before,31405
graph/35247@render_frame_impl.dot,graph/35247@render_frame_impl.dot,CWE-399,0,before,35247
graph/76117@web_contents_impl.dot,graph/76117@web_contents_impl.dot,CWE-20,1,before,76117
graph/75292@virtual_keyboard_controller.dot,graph/75292@virtual_keyboard_controller.dot,CWE-399,1,before,75292
graph/76914@idn_spoof_checker.dot,graph/76914@idn_spoof_checker.dot,CWE-20,1,before,76914
graph/76961@html_media_element.dot,graph/76961@html_media_element.dot,CWE-200,1,before,76961
graph/75266@thread_watcher.dot,graph/75266@thread_watcher.dot,,1,before,75266
graph/17591@media_stream_impl.dot,graph/17591@media_stream_impl.dot,CWE-399,0,before,17591
graph/75132@browser_view_renderer.dot,graph/75132@browser_view_renderer.dot,CWE-399,1,before,75132
graph/73580@extension_prefs.dot,graph/73580@extension_prefs.dot,CWE-119,1,before,73580
graph/49254@WebGLRenderingContextBase.dot,graph/49254@WebGLRenderingContextBase.dot,CWE-119,0,before,49254
graph/75284@clipboard_message_filter.dot,graph/75284@clipboard_message_filter.dot,CWE-20,1,before,75284
graph/73597@render_thread.dot,graph/73597@render_thread.dot,CWE-20,1,before,73597
